{
  "previewSizePx": 220,
  "letters": {
    "A": [
      [
        -20,
        -77
      ],
      [
        18,
        -77
      ],
      [
        88,
        77
      ],
      [
        -86,
        78
      ]
    ],
    "B": [
      [
        -70,
        -77
      ],
      [
        62,
        -74
      ],
      [
        70,
        74
      ],
      [
        -71,
        79
      ]
    ],
    "C": [
      [
        -73.57484436035156,
        -78.57994079589844
      ],
      [
        76.077392578125,
        -82.5840072631836
      ],
      [
        74.07535552978516,
        82.08350372314453
      ],
      [
        -71.07229614257812,
        83.08451843261719
      ]
    ],
    "D": [
      [
        -80.58197021484375,
        -79.5809555053711
      ],
      [
        78.57994079589844,
        -75.5768814086914
      ],
      [
        81.58299255371094,
        80.58197021484375
      ],
      [
        -78.57994079589844,
        81.08248138427734
      ]
    ],
    "E": [
      [
        -61.06211853027344,
        -79.0804443359375
      ],
      [
        -60.561607360839844,
        77.07840728759766
      ],
      [
        62.063133239746094,
        78.07942962646484
      ],
      [
        59.56058883666992,
        -78.57994079589844
      ]
    ],
    "F": [
      [
        62.063133239746094,
        -78.07942962646484
      ],
      [
        -59.060081481933594,
        -79.0804443359375
      ],
      [
        -60.061100006103516,
        80.08146667480469
      ],
      [
        58.05906295776367,
        76.077392578125
      ]
    ],
    "G": [
      [
        74.07535552978516,
        80.08146667480469
      ],
      [
        77.07840728759766,
        -80.58197021484375
      ],
      [
        -75.5768814086914,
        -82.08350372314453
      ],
      [
        -78.57994079589844,
        83.58502960205078
      ]
    ],
    "H": [
      [
        -71.57280731201172,
        -78.57994079589844
      ],
      [
        72.5738296508789,
        -79.5809555053711
      ],
      [
        73.57484436035156,
        80.08146667480469
      ],
      [
        -72.5738296508789,
        80.08146667480469
      ]
    ],
    "I": [
      [
        -18.51883888244629,
        -77.57891845703125
      ],
      [
        20.520875930786133,
        -78.07942962646484
      ],
      [
        21.021385192871094,
        78.57994079589844
      ],
      [
        -19.51985740661621,
        80.08146667480469
      ]
    ],
    "J": [
      [
        -54.55549621582031,
        78.57994079589844
      ],
      [
        56.05702590942383,
        78.57994079589844
      ],
      [
        55.056007385253906,
        -81.58299255371094
      ],
      [
        -56.557533264160156,
        -80.58197021484375
      ]
    ],
    "K": [
      [
        -75.5768814086914,
        -80.08146667480469
      ],
      [
        -75.5768814086914,
        80.08146667480469
      ],
      [
        76.5779037475586,
        80.58197021484375
      ],
      [
        74.57586669921875,
        -80.08146667480469
      ]
    ],
    "L": [
      [
        -57.55855178833008,
        -79.5809555053711
      ],
      [
        -59.56058883666992,
        80.08146667480469
      ],
      [
        60.061100006103516,
        80.08146667480469
      ],
      [
        59.56058883666992,
        -78.57994079589844
      ]
    ],
    "M": [
      [
        -89.09062957763672,
        -78.57994079589844
      ],
      [
        89.09062957763672,
        -78.57994079589844
      ],
      [
        90.09164428710938,
        79.5809555053711
      ],
      [
        -89.59114074707031,
        80.58197021484375
      ]
    ],
    "N": [
      [
        -71.57280731201172,
        -78.57994079589844
      ],
      [
        74.07535552978516,
        -79.5809555053711
      ],
      [
        74.57586669921875,
        78.57994079589844
      ],
      [
        -73.57484436035156,
        80.08146667480469
      ]
    ],
    "O": [
      [
        -88.08961486816406,
        -79.0804443359375
      ],
      [
        87.08859252929688,
        -83.08451843261719
      ],
      [
        87.08859252929688,
        80.58197021484375
      ],
      [
        -83.08451843261719,
        82.08350372314453
      ]
    ],
    "P": [
      [
        -68.06924438476562,
        -79.5809555053711
      ],
      [
        -69.07026672363281,
        80.58197021484375
      ],
      [
        70.57179260253906,
        83.08451843261719
      ],
      [
        70.07128143310547,
        -79.0804443359375
      ]
    ],
    "Q": [
      [
        90.09164428710938,
        98.09979248046875
      ],
      [
        -89.59114074707031,
        95.09674072265625
      ],
      [
        -91.09266662597656,
        -102.60437774658203
      ],
      [
        88.59011840820312,
        -93.59521484375
      ]
    ],
    "R": [
      [
        -69.07026672363281,
        -79.5809555053711
      ],
      [
        -70.57179260253906,
        80.58197021484375
      ],
      [
        74.07535552978516,
        80.08146667480469
      ],
      [
        70.57179260253906,
        -80.58197021484375
      ]
    ],
    "S": [
      [
        -68.06924438476562,
        82.08350372314453
      ],
      [
        67.06822967529297,
        82.08350372314453
      ],
      [
        66.06720733642578,
        -84.08554077148438
      ],
      [
        -66.56771850585938,
        -79.0804443359375
      ]
    ],
    "T": [
      [
        -67.06822967529297,
        -78.57994079589844
      ],
      [
        71.07229614257812,
        -79.0804443359375
      ],
      [
        71.07229614257812,
        80.58197021484375
      ],
      [
        -70.07128143310547,
        80.08146667480469
      ]
    ],
    "U": [
      [
        -71.07229614257812,
        -80.58197021484375
      ],
      [
        73.57484436035156,
        -80.58197021484375
      ],
      [
        75.07637023925781,
        79.0804443359375
      ],
      [
        -69.07026672363281,
        81.58299255371094
      ]
    ],
    "V": [
      [
        -86.58808135986328,
        -78.07942962646484
      ],
      [
        88.08961486816406,
        -79.5809555053711
      ],
      [
        21.021385192871094,
        81.58299255371094
      ],
      [
        -19.51985740661621,
        81.58299255371094
      ]
    ],
    "W": [
      [
        -127.12932586669922,
        -78.57994079589844
      ],
      [
        -72.5738296508789,
        79.0804443359375
      ],
      [
        75.5768814086914,
        80.08146667480469
      ],
      [
        127.62983703613281,
        -78.57994079589844
      ]
    ],
    "X": [
      [
        -78.57994079589844,
        -78.07942962646484
      ],
      [
        -80.08146667480469,
        80.08146667480469
      ],
      [
        82.5840072631836,
        79.0804443359375
      ],
      [
        78.57994079589844,
        -79.5809555053711
      ]
    ],
    "Y": [
      [
        -80.08146667480469,
        -79.0804443359375
      ],
      [
        -18.51883888244629,
        80.58197021484375
      ],
      [
        21.021385192871094,
        79.5809555053711
      ],
      [
        82.5840072631836,
        -78.07942962646484
      ]
    ],
    "Z": [
      [
        -68.06924438476562,
        -80.08146667480469
      ],
      [
        -67.06822967529297,
        79.0804443359375
      ],
      [
        71.07229614257812,
        79.0804443359375
      ],
      [
        68.56975555419922,
        -80.08146667480469
      ]
    ],
    "a": [
      [
        59.060081481933594,
        61.06211853027344
      ],
      [
        -57.05804443359375,
        62.56364440917969
      ],
      [
        -59.56058883666992,
        -60.561607360839844
      ],
      [
        57.05804443359375,
        -61.06211853027344
      ]
    ],